{"cameraMode":{"drawMode":0,"name":"Shaded","section":"Shading Mode"},"sceneLighting":true,"audioPlay":false,"sceneViewState":{"m_AlwaysRefresh":false,"showFog":true,"showSkybox":true,"showFlares":true,"showImageEffects":true,"showParticleSystems":true,"showVisualEffectGraphs":true,"m_FxEnabled":true},"in2DMode":false,"pivot":{"x":-0.2927030920982361,"y":2.9732017517089845,"z":5.418097496032715},"rotation":{"x":0.000679842836689204,"y":0.9971634745597839,"z":-0.008984162472188473,"w":0.07522835582494736},"size":5.5521345138549809,"orthographic":false}